<?xml version="1.0"?>
<resources xmlns:tools="http://schemas.android.com/tools">
    <string name="app_to_image">Select an app to pick an image</string>
    <string name="cancel">Cancel</string>
    <string name="ok">OK</string>
    <string name="connection_error">Failed to connect to your GoBe. Try again, please.</string>
    <string name="close">Close</string>
    <string name="end_time">End time</string>
    <string name="update">Install</string>
    <string name="connect">Connect</string>
    <string name="disconnect">Disconnect</string>
    <string name="connected">connected</string>
    <string name="warning">Warning!</string>
    <string name="enable">Enable</string>
    <string name="apply">Apply</string>
    <string name="date">Date</string>
    <string name="time">Time</string>
    <string name="delete">Delete</string>
    <string name="confirm">Confirm</string>
    <string name="logs_channel_name">HEALBE logs notifications</string>
    <string name="notifications_state_channel_name">GoBe state notifications</string>
    <string name="notifications_sync_channel_name">Data notifications</string>
    <string name="notifications_default_channel_name">Default notifications</string>
    <!--duration in minutes short form (10 min, 24 min)-->
    <string name="num_m">%1$d min</string>
    <!--duration in hours short form (5 h, 3 h)-->
    <string name="num_h">%1$d h</string>
    <!--duration in days short form (3 d, 5 d)-->
    <string name="num_d">%1$d d</string>
    <!--duration in weeks short form (4 w, 9 w)-->
    <string name="num_w">%1$d wk</string>
    <string-array name="genders">
        <item>Male</item>
        <item>Female</item>
    </string-array>
    <plurals name="num_seconds">
        <item quantity="one">%1$d second</item>
        <item quantity="other">%1$d seconds</item>
    </plurals>
    <plurals name="num_videos">
        <item quantity="one">%1$d video</item>
        <item quantity="other">%1$d videos</item>
    </plurals>
    <plurals name="num_minutes">
        <item quantity="one">%1$d minute</item>
        <item quantity="other">%1$d minutes</item>
    </plurals>
    <plurals name="num_hours">
        <item quantity="one">%1$d hour</item>
        <item quantity="other">%1$d hours</item>
    </plurals>
    <plurals name="hours">
        <item quantity="one">hour</item>
        <item quantity="other">hours</item>
    </plurals>
    <plurals name="num_days">
        <item quantity="one">%1$d day</item>
        <item quantity="other">%1$d days</item>
    </plurals>
    <plurals name="num_weeks">
        <item quantity="one">%1$d week</item>
        <item quantity="other">%1$d weeks</item>
    </plurals>
    <plurals name="num_months">
        <item quantity="one">%1$d month</item>
        <item quantity="other">%1$d months</item>
    </plurals>
    <plurals name="num_years">
        <item quantity="one">%1$d year</item>
        <item quantity="other">%1$d years</item>
    </plurals>
    <!--The current progress of the firmware update string. For example:
"Step 1 of 3: Downloading update from server"-->
    <string name="no_app_to_open">No app can perform this action</string>
    <string name="recommendation_desc">The recommendation is based on how long you have been sleeping for the previous 7 days. Last day Activity and Stress levels also affect the recommended duration of sleep. 

The normal sleep duration for your age varies from %1$d to %2$d %3$s.</string>
    <string name="search">Search</string>
    <string name="menu_user">Profile</string>
    <string name="menu_settings">Settings</string>
    <string name="enable_bluetooth">Turn on Bluetooth to connect your GoBe</string>
    <string name="bluetooth_error">Internal device Bluetooth LE error</string>
    <!-- Location warning card -->
    <string name="requires_location_services">On some devices, Android requires enabling Location Services to be able to find GoBe via Bluetooth LE. HEALBE doesn\'t use your location data. If you can’t connect your GoBe, try to enable Location Services on your smartphone.</string>
    <string name="energy_help_title">Energy balance: helpful information</string>
    <string name="water_help_title">Water balance: helpful information</string>
    <string name="hearth_help_title">Heart: helpful information</string>
    <string name="night_help_title">Sleep: helpful information</string>
    <string name="stress_help_title">Stress: helpful information</string>
    <string name="check_internet_connection">Check Internet connection</string>
    <string name="please_wait">Please wait</string>
    <string name="week_report">Week report</string>
    <string name="query_too_short">Query too short!</string>
    <string name="range">range</string>
    <string name="articles">Articles</string>
    <!--concatenatas with "The data may be incomplete". Used to describe graph incompleteness or other data loss. Please, make sure to leave space after dot if your locale uses such punctuation between two sentences.-->
    <string name="something_updated">"You’ve updated GoBe, your app or smartphone recently. "</string>
    <!--Error, universal for fields-->
    <string name="field_is_empty">This field should not be empty</string>
    <!--Dashboard. Week report. Water Balance subtitle-->
    <string name="last_days_legend">for the last 7 days</string>
    <!--Dashboard. Week report. Legend-->
    <string name="average_legend">Average level</string>
    <!--Back button (used when user could go back to previous page/screen). Do not use words utilizing "Cancel" meaning as a synonym or translation-->
    <string name="back_button">Back</string>
    <!--Separator, used for e.g. in sequences like "Wed, Tue, Fri, ...". Please change to your target language's native punctuation mark.-->
    <string name="comma_spacer">", "</string>
    <!--Separator, used for concatenation. Please change to your target language's native punctuation mark.-->
    <string name="dot_spacer">". "</string>
    <!--Notification description-->
    <string name="notification_charged">Your GoBe is fully charged. It’s time to start wearing it!</string>
    <!--Time descriptor-->
    <string name="earlier">Earlier</string>
    <!--Time descriptor-->
    <string name="last_week">Last week</string>
    <!--Error - no item chosen in a list. (item in this case is an option / tag etc. )-->
    <string name="no_items_err">Choose at least one item.</string>
    <!--Error - no option chosen in a picker.-->
    <string name="no_option_err">Choose one of the options.</string>
    <!--Error - app should be updated to proceed-->
    <string name="app_upd_err">Please update the application or contact support (%s).</string>
</resources>
