<?xml version="1.0" encoding="utf-8"?>
<resources>
    <string name="energy_header">Energy balance</string>
    <!-- String in format "n steps, h hour m minutes active" -->
    <string name="energy_activity_info_full">%1$s, %2$s active</string>
    <!-- String in format "h hour m minutes active" -->
    <string name="energy_activity_info_only_active">%s active</string>
    <string name="hydration_header_cur">Hydration</string>
    <string name="hydration_header">Water balance</string>
    <string name="pulse_header">Pulse</string>
    <string name="pulse_header_cur">Current pulse</string>
    <string name="night_header">Sleep</string>
    <string name="stress_header">Stress</string>
    <string name="stress_header_cur">Current stress</string>
    <string name="weight_header">Weight</string>
    <string name="current_header">current values</string>
    <string name="last_header">last values</string>
    <string name="may_take_up_to_hour">may take up to an hour</string>
    <string name="edit">Edit</string>
    <string name="save">Save</string>
    <string name="dashboard_menu">Dashboard</string>
    <string name="settings_menu">Settings</string>
    <string name="needs_bluetooth">HEALBE app needs Bluetooth for operations with your GoBe</string>
    <string name="again">try again</string>
    <string name="exit_app">exit app</string>
    <string name="healbe_gobe" translatable="false">HEALBE GoBe</string>
    <string name="device_not_linked">not paired</string>
    <string name="no_sensor_data">No sensor data</string>
    <string name="not_wear">You didn\'t wear GoBe</string>
    <string name="no_contact">Check sensor contact</string>
    <string name="time_to_add_weight">Time to add weight</string>
    <string name="charge_your_gobe">Charge your GoBe</string>
    <string name="battery_level">battery level: %d%%</string>
    <string name="smart_alarm">Smart alarm</string>
    <string name="by_time_in_zero">by time</string>
    <string name="by_time_in">by time, in %s</string>
    <string name="by_quality_dash">by quality</string>
    <string name="upcoming">upcoming</string>
    <string name="last_weight_in">last weigh-in</string>
    <!--average pulse during awake-->
    <string name="awake_avg">awake avg: %d</string>
    <!--average pulse during asleep-->
    <string name="asleep_avg">asleep avg: %d</string>
    <!--average pulse during awake for weeks -->
    <string name="awake_pulse">Awake</string>
    <!--average pulse during asleep for weeks -->
    <string name="asleep_pulse">Asleep</string>
    <string name="healbe_support">HEALBE support</string>
    <string name="if_you_have">Contact HEALBE Customer Care support team via in-app chat or email</string>
    <string name="support_mail">gobe@healbe.com</string>
    <string name="advice_title">advice</string>
    <string name="advice_ble_error">On some Android devices, there may be problems connecting via Bluetooth LE. If you can\'t connect to your GoBe, try to relaunch Bluetooth on your smartphone or restart your device.</string>
    <string name="advice_no_contact">In case of poor contact of sensors with skin, try tightening the strap or clean contacts’ surface with wet wipes.</string>
    <string name="rate_header">the pursuit of stars</string>
    <string name="rate_text">Rate our Android app at application store to support our development team and help us to improve it and make it better.</string>
    <string name="rate_btn">rate HEALBE app</string>
    <string name="don_t_show_this_again">Don\'t show again</string>
    <string name="average_per_day">daily average</string>
    <!--Title for Heart section. Seen in Dashboard -> Heart-->
    <string name="heart_title">Heart</string>
    <!--Dashboard. State of wearing advice. Shown when > 22 hours of wearing -->
    <string name="timestate_great">You wear it great! We have collected enough data. Now we have everything we need to estimate the daily Activity and calorie Intake accurately.</string>
    <!--Dashboard. State of Water balance level. Shown when water level rises-->
    <string name="water_goes_up">Level rises</string>
    <!--Dashboard. State of Water balance level. Shown when water level falls-->
    <string name="water_goes_down">Level falls</string>
    <!--Dashboard. Daily reports section. Inside the section one could learn more about day-by-day results-->
    <string name="daily_reports">Daily reports</string>
    <!--Support Button-->
    <string name="support_button">Contact us</string>
    <!--Dashboard. State of wearing advice. Shown when > 22 hours of wearing-->
    <string name="timestate_not_worn">Try wearing your GoBe for at least %1$s hours a day. In this case, we will be able to perform the estimation of calorie Intake and Burn as accurately as possible.</string>
    <!--Dashboard. Stress daily accumulation subtitle-->
    <string name="day_accumulated">average accumulated per day</string>
    <!--Dashboard. Stress daily accumulation subtitle-->
    <string name="no_accumulated">no accumulated stress</string>
    <!--Dashboard. EB state in widget-->
    <string name="balance_positive">positive</string>
    <!--Dashboard. EB state in widget-->
    <string name="balance_negative">negative</string>
    <!--Dashboard. EB state in widget-->
    <string name="balance_zero">zero</string>
    <!--Dashboard. EB state in widget-->
    <string name="not_worn">short wearing time</string>
    <!--Dashboard. State of wearing advice. Shown when > 22 hours of wearing-->
    <string name="timestate_collect">We are collecting data. Keep wearing your GoBe all day long for the most accurate measurements!</string>
    <!--Dashboard. GoBe State-->
    <string name="reset_pin">Reset PIN code</string>
    <!--Dashboard. Week report. Stress legend-->
    <string name="legend_balance">balance</string>
    <!--Dashboard. Week report. Stress legend-->
    <string name="legend_fatigue">fatigue</string>
    <!--Dashboard. Week report. Stress legend-->
    <string name="legend_exhaustion">exhaustion</string>
    <!--Dashboard. Week report. Stress title while balanced-->
    <string name="balanced_stress">Balanced stress</string>
    <!--Dashboard. Week report. legend markup-->
    <string name="average_level">average level</string>
    <!--Dashboard. Week report. legend markup-->
    <string name="sleep_legend">Sleep quality:</string>
    <!--Separation symbol. May be used for separating strings like [4 wake-ups | 42 min]-->
    <string name="special_sep">%1$s • %2$s</string>
    <!--Week reports. Legend. Dangerous Stress-->
    <string name="danger_legend">Dangerous</string>
    <!--Dashboard. Week report legend-->
    <string name="above_stress">Above normal</string>
    <!--Dashboard. Sleep desc. Concatenates into "n times · n% quality"-->
    <string name="sleep_overall_quality">%s · %d%% quality</string>
    <string name="confirm_email_suggestion">Please check your email %s and verify it to make your account more secure and much more easily restored</string>
    <string name="resend_email_confirmation">Resend e-mail</string>
    <!--Wearing time widget. Title descripting good wearing-->
    <string name="timestate_great_title">Sufficient wearing</string>
    <!--Wearing time widget. Title descripting not enough wearing-->
    <string name="timestate_collect_title">GoBe needs more wearing</string>
    <!--Wearing time widget. Title descripting bad wearing time-->
    <string name="timestate_not_worn_title">Lack of wearing</string>
    <!--Wearing time widget. Description for bar with 24-hour wearing time-->
    <string name="wearbar_description">GoBe wearing time for the last 24 hours:</string>
    <!--Upcoming alarm cell notification-->
    <string name="upcoming_alarm_cell">Smart alarm is set at %1$s</string>
    <!--GoBe charging notification-->
    <string name="gobecharge_cell">Charge your GoBe to maximize data gathered</string>
    <!--Dashboard. Insights cell title-->
    <string name="insights_main_title">Insights</string>
    <!--Dashboard. Insights cell desc-->
    <string name="insights_dash_desc">readings relation</string>
    <!--GetDone. Name of a service-->
    <string name="getd_name">HEALBE GetDone</string>
    <!--GetDone. Main call to action-->
    <string name="getd_CTA">Get a walkthrough to your goal with HEALBE GetDone</string>
    <!--GetDone. Placeholder for a picker-->
    <string name="getd_placeholder">Choose your goal</string>
    <!--GetDone. Additional call to action-->
    <string name="getd_CTA2">Learn how to get your goal with our experts</string>
    <!--GetDone. Description for a  service screen-->
    <string name="getd_desc">Pick the most comfortable way to nail the goal.</string>
    <!--GetDone. Button for subscription-->
    <string name="getd_buybttn">subscribe</string>
    <!--Title in stress section.-->
    <string name="stresslevels_title">Stress levels</string>
</resources>
