<?xml version="1.0" encoding="utf-8"?>
<resources>
    <string name="wristband_notifications">Vibration signals</string>
    <string name="enable_notifications">Vibration</string>
    <string name="enable_notifications_desc">Set up notifications if you want to receive GoBe vibration alerts on your wrist in case of low Water balance or other events.</string>
    <string name="time_interval">Scheduled</string>
    <string name="time_interval_desc">Select the time interval when GoBe is allowed to vibrate.</string>
    <string name="start_time">Start time</string>
    <string name="google_fit_settings_header">Google Fit integration settings</string>
    <string name="google_fit_button_text">Enable integration with Google Fit</string>
    <string name="do_you_like_app">Do you like our app?</string>
    <string name="sync_weight_data">Sync weight data</string>
    <string name="sync_weight_data_desc">Turn this option on if you want to synchronize your weight in HEALBE app with Google Fit.</string>
    <string name="export_sensors_data">Export sensors\' data</string>
    <string name="export_sensors_data_desc">"Turn this option on if you want to export your GoBe sensors' data to Google Fit. Your Pulse, Sleep, Step count, calorie Intake and Burn data will be available in Google Fit and other apps. "</string>
    <string name="report_problem">Report problem</string>
    <string name="rate_the_app">Rate the app</string>
    <string name="google_fit_connection_error">Google Fit connection error</string>
    <string name="email_feedback">User feedback</string>
    <string name="version">App version: %1$s (%2$d)</string>
    <!--Settings. SDK version string.-->
    <string name="sdk_version">HEALBE SDK: %1$s</string>
    <!--Settings. Subscription section title-->
    <string name="subscriptions_title">Subscriptions</string>
    <!--Settings. Subscription section. Restore bttn-->
    <string name="subscriptions_rest_bttn">Restore subscriptions</string>
    <!--Settings. Title for the Fast sync switcher-->
    <string name="fast_sync">Fast sync</string>
</resources>
